{
  "schema": "edgesync.bench/v1",
  "measurement": true,
  "timestamp_utc": "2026-07-10T15:32:23Z",
  "git_commit": "unknown",
  "engine": "llamacpp",
  "engine_version": "b3117",
  "model": "qwen/Qwen2.5-0.5B-Instruct/Q4_K_M/ctx4096",
  "embedder": "FallbackEncoder (FNV-1a hash, no model)",
  "goarch": "arm64",
  "goos": "android",
  "num_cpu": 8,
  "cpu_model": "unknown",
  "config": {
    "N": 40,
    "MaxGen": 1,
    "Repeats": 1,
    "Warmup": 0,
    "Seed": 42,
    "PrefixShare": 0.9,
    "EmbedDir": "./models",
    "Strict": true,
    "Adapter": {
      "ModelPath": "/data/local/tmp/qwen2.5-0.5b-instruct-q4_k_m.gguf",
      "Arch": "qwen",
      "ModelName": "Qwen2.5-0.5B-Instruct",
      "Quant": "Q4_K_M",
      "NCtx": 4096,
      "NThreads": 4,
      "NGpuLayers": 0,
      "HeadDim": 64,
      "NumKVHeads": 2,
      "NumLayers": 24
    }
  },
  "corpus_hash": "6c1f1d7d80b93eb6",
  "duration_sec": 274.460732555,
  "result": {
    "cold_ttft": {
      "n": 40,
      "mean_ms": 4827.663175000001,
      "median_ms": 4752.4275,
      "p50_ms": 4752.4275,
      "p90_ms": 5213.9347,
      "p95_ms": 5297.20105,
      "p99_ms": 5987.677909999999,
      "min_ms": 4295.987,
      "max_ms": 6319.073,
      "stddev_ms": 388.7484174461242,
      "ci95_lo_ms": 4707.1887922802625,
      "ci95_hi_ms": 4948.137557719739
    },
    "frag_ttft_all": {
      "n": 40,
      "mean_ms": 1855.9549000000002,
      "median_ms": 522.863,
      "p50_ms": 522.863,
      "p90_ms": 5160.8239,
      "p95_ms": 5297.20105,
      "p99_ms": 5987.677909999999,
      "min_ms": 406.49,
      "max_ms": 6319.073,
      "stddev_ms": 2136.0728801085584,
      "ci95_lo_ms": 1193.9790561726356,
      "ci95_hi_ms": 2517.930743827365
    },
    "frag_ttft_hits": {
      "n": 28,
      "mean_ms": 486.3741428571429,
      "median_ms": 476.277,
      "p50_ms": 476.277,
      "p90_ms": 539.4265,
      "p95_ms": 568.94705,
      "p99_ms": 597.56363,
      "min_ms": 406.49,
      "max_ms": 605.321,
      "stddev_ms": 51.802597323496414,
      "ci95_lo_ms": 467.18619228721604,
      "ci95_hi_ms": 505.5620934270697
    },
    "hit_rate_pct": 70,
    "exact_hits": 28,
    "partial_hits": 0,
    "misses": 12,
    "speedup_all": 2.601174831888426,
    "speedup_hits": 9.925822015620545,
    "speedup_significant": true,
    "correct_hits": 28,
    "total_hits": 28,
    "match_rate_pct": 100,
    "fragment_count": 12,
    "fragment_total_mb": 19.64344024658203,
    "fragment_avg_mb": 1.636953353881836,
    "rss_delta_mb": -104.2265625,
    "generate_errors": 0,
    "extract_errors": 0,
    "inject_errors": 0,
    "inert_hits": 0,
    "inert_checked": 28,
    "preflight_prompt_tokens": 161,
    "preflight_prefill_tok_per_s": 33.54967288371897
  }
}
