{
  "schema": "edgesync.bench/v1",
  "measurement": true,
  "timestamp_utc": "2026-07-10T15:25:30Z",
  "git_commit": "unknown",
  "engine": "llamacpp",
  "engine_version": "b3117",
  "model": "qwen/Qwen2.5-0.5B-Instruct/Q4_K_M/ctx4096",
  "embedder": "FallbackEncoder (FNV-1a hash, no model)",
  "goarch": "arm64",
  "goos": "android",
  "num_cpu": 8,
  "cpu_model": "unknown",
  "config": {
    "N": 8,
    "MaxGen": 1,
    "Repeats": 1,
    "Warmup": 0,
    "Seed": 42,
    "PrefixShare": 0.8,
    "EmbedDir": "./models",
    "Strict": true,
    "Adapter": {
      "ModelPath": "/data/local/tmp/qwen2.5-0.5b-instruct-q4_k_m.gguf",
      "Arch": "qwen",
      "ModelName": "Qwen2.5-0.5B-Instruct",
      "Quant": "Q4_K_M",
      "NCtx": 4096,
      "NThreads": 4,
      "NGpuLayers": 0,
      "HeadDim": 64,
      "NumKVHeads": 2,
      "NumLayers": 24
    }
  },
  "corpus_hash": "1e2d8def9f8540a9",
  "duration_sec": 82.058368236,
  "result": {
    "cold_ttft": {
      "n": 8,
      "mean_ms": 5674.153,
      "median_ms": 5631.6525,
      "p50_ms": 5631.6525,
      "p90_ms": 6541.8157,
      "p95_ms": 6593.027349999999,
      "p99_ms": 6633.9966699999995,
      "min_ms": 4819.218,
      "max_ms": 6644.239,
      "stddev_ms": 686.4647872450768,
      "ci95_lo_ms": 5198.457172015362,
      "ci95_hi_ms": 6149.848827984639
    },
    "frag_ttft_all": {
      "n": 8,
      "mean_ms": 4985.762500000001,
      "median_ms": 5323.091,
      "p50_ms": 5323.091,
      "p90_ms": 6176.3191,
      "p95_ms": 6410.279049999999,
      "p99_ms": 6597.44701,
      "min_ms": 990.796,
      "max_ms": 6644.239,
      "stddev_ms": 1722.2421517200848,
      "ci95_lo_ms": 3792.3095777599497,
      "ci95_hi_ms": 6179.215422240051
    },
    "frag_ttft_hits": {
      "n": 1,
      "mean_ms": 990.796,
      "median_ms": 990.796,
      "p50_ms": 990.796,
      "p90_ms": 990.796,
      "p95_ms": 990.796,
      "p99_ms": 990.796,
      "min_ms": 990.796,
      "max_ms": 990.796,
      "stddev_ms": 0,
      "ci95_lo_ms": 990.796,
      "ci95_hi_ms": 990.796
    },
    "hit_rate_pct": 12.5,
    "exact_hits": 1,
    "partial_hits": 0,
    "misses": 7,
    "speedup_all": 1.1380712579068897,
    "speedup_hits": 5.72686304748909,
    "speedup_significant": false,
    "correct_hits": 1,
    "total_hits": 1,
    "match_rate_pct": 100,
    "fragment_count": 7,
    "fragment_total_mb": 11.417617797851562,
    "fragment_avg_mb": 1.6310882568359375,
    "rss_delta_mb": -172.05859375,
    "generate_errors": 0,
    "extract_errors": 0,
    "inject_errors": 0,
    "inert_hits": 0,
    "inert_checked": 1,
    "preflight_prompt_tokens": 161,
    "preflight_prefill_tok_per_s": 32.4877721831935
  }
}
